mean_final_value,median_final_value,min_final_value,max_final_value,percentile_5,percentile_95,prob_profit
13107.846439244839,12696.49106800531,4255.7583648340305,29608.337844802652,8039.21360492345,19647.027563995038,0.792
